,Age_cat,Acuity_0,Acuity_7,Acuity_max,ldh_0_cat,creat_3_cat,crp_3_cat,abs_neut_7_cat,abs_lymph_7_cat,creat_7_cat,ddimer_7_cat,Class Label
0,1,3,5,3,2,1,1,-1,-1,-1,-1,0
1,2,3,5,3,2,1,2,-1,-1,-1,-1,0
2,3,3,5,3,4,2,3,-1,-1,-1,-1,0
3,1,3,5,3,2,1,2,-1,-1,-1,-1,0
4,3,3,3,3,3,1,5,3,5,1,4,0
5,1,3,3,3,4,1,4,3,3,1,5,0
6,2,3,5,3,3,2,4,-1,-1,-1,-1,0
7,4,3,5,3,2,2,3,-1,-1,-1,-1,0
8,5,3,5,3,5,3,3,-1,-1,-1,-1,0
9,2,4,5,4,2,1,-1,-1,-1,-1,-1,0
10,3,5,5,4,-1,-1,-1,-1,-1,-1,-1,0
11,2,2,2,2,5,3,4,3,3,3,4,0
12,4,3,5,3,2,1,-1,-1,-1,-1,-1,0
13,4,3,2,2,2,4,4,2,1,4,2,0
14,3,2,3,2,5,2,-1,3,3,1,-1,0
15,3,4,5,4,4,1,3,-1,-1,-1,-1,0
16,2,4,5,4,3,1,2,-1,-1,-1,-1,0
17,3,3,4,3,4,1,4,2,4,1,3,0
18,3,3,3,3,1,2,3,3,2,1,4,0
19,3,3,4,3,2,5,3,2,3,5,-1,0
20,5,3,4,3,5,2,5,4,4,2,5,0
21,5,3,5,3,2,3,-1,-1,-1,-1,-1,0
22,1,3,5,3,5,1,3,-1,-1,-1,-1,0
23,4,3,3,3,2,2,5,2,1,2,4,0
24,1,5,5,5,3,-1,-1,-1,-1,-1,-1,0
25,3,5,5,5,3,-1,-1,-1,-1,-1,-1,0
26,4,4,5,4,-1,2,1,-1,-1,-1,-1,0
27,2,2,2,2,3,1,-1,4,2,1,4,0
28,5,3,3,3,2,2,-1,4,1,2,-1,0
29,1,5,5,5,-1,-1,-1,-1,-1,-1,-1,0
30,3,4,5,4,2,2,1,-1,-1,-1,-1,0
31,4,4,5,4,1,3,-1,-1,-1,-1,-1,0
32,2,3,5,3,4,2,3,-1,-1,-1,-1,0
33,4,2,2,2,5,3,4,4,-1,4,4,0
34,5,2,2,2,3,3,5,3,1,4,5,0
35,3,4,5,4,3,1,3,-1,-1,-1,-1,0
36,1,2,2,2,3,1,5,4,3,3,3,0
37,4,3,5,3,3,2,2,-1,-1,-1,-1,0
38,2,3,5,3,5,-1,4,-1,-1,-1,-1,0
39,3,2,2,2,5,2,4,4,1,2,-1,0
40,4,3,3,3,4,3,3,2,2,2,3,0
41,4,3,3,3,1,2,3,4,4,2,-1,0
42,1,5,5,5,2,-1,-1,-1,-1,-1,-1,0
43,5,4,5,4,2,1,1,-1,-1,-1,-1,0
44,4,2,2,2,4,2,-1,4,4,2,4,0
45,1,3,4,3,2,1,5,2,5,1,2,0
46,4,2,3,2,-1,2,-1,-1,-1,2,-1,0
47,4,2,2,2,3,4,5,3,1,3,4,0
48,2,2,2,2,4,5,4,4,3,5,5,0
49,4,3,5,3,2,1,4,-1,-1,-1,-1,0
50,3,3,3,3,3,2,3,2,4,1,5,0
51,2,4,5,4,3,-1,-1,-1,-1,-1,-1,0
52,5,3,4,3,3,1,3,3,5,1,2,0
53,4,4,5,4,4,-1,-1,-1,-1,-1,-1,0
54,3,3,5,3,2,-1,-1,-1,-1,-1,-1,0
55,4,3,5,3,3,1,3,-1,-1,-1,-1,0
56,2,3,5,3,2,-1,-1,-1,-1,-1,-1,0
57,4,5,5,5,2,-1,-1,-1,-1,-1,-1,0
58,3,3,3,3,4,2,4,3,2,1,3,0
59,2,4,5,4,3,-1,-1,-1,-1,-1,-1,0
60,4,3,3,3,3,3,5,2,2,2,4,0
61,2,3,5,3,2,-1,-1,-1,-1,-1,-1,0
62,3,4,4,3,2,2,4,5,5,2,2,0
63,4,3,5,3,1,2,1,-1,-1,-1,-1,0
64,2,2,4,2,2,2,5,3,4,1,3,0
65,1,5,5,5,-1,-1,-1,-1,-1,-1,-1,0
66,3,2,3,2,4,1,4,3,3,1,3,0
67,1,3,5,3,3,1,2,-1,-1,-1,-1,0
68,1,5,5,5,1,-1,-1,-1,-1,-1,-1,0
69,4,2,2,2,4,2,4,5,5,2,5,0
70,4,4,5,4,-1,-1,-1,-1,-1,-1,-1,0
71,3,3,3,3,3,-1,5,3,5,1,3,0
72,3,3,5,3,4,-1,4,-1,-1,-1,-1,0
73,4,2,4,2,1,1,4,3,5,2,-1,0
74,3,3,5,3,2,1,-1,-1,-1,-1,-1,0
75,5,3,5,3,4,3,-1,-1,-1,-1,-1,0
76,3,3,4,3,3,1,5,2,3,2,2,0
77,5,3,3,3,2,2,3,3,5,2,5,0
78,3,4,4,3,2,2,4,2,3,2,2,0
79,3,3,4,3,3,1,2,2,4,1,-1,0
80,3,3,4,3,2,1,2,2,5,1,-1,0
81,1,5,5,5,1,-1,-1,-1,-1,-1,-1,0
82,1,5,5,5,1,-1,-1,-1,-1,-1,-1,0
83,3,3,3,3,4,1,5,3,4,1,3,0
84,4,3,2,2,2,3,3,4,4,3,4,0
85,2,2,4,2,4,1,-1,4,5,-1,5,0
86,3,3,5,3,3,1,-1,-1,-1,-1,-1,0
87,1,3,5,3,4,2,1,-1,-1,-1,-1,0
88,2,3,3,3,3,2,3,2,4,2,2,0
89,1,5,5,5,-1,-1,-1,-1,-1,-1,-1,0
90,5,5,5,5,2,-1,-1,-1,-1,-1,-1,0
91,3,5,5,3,1,-1,-1,-1,-1,-1,-1,0
92,3,2,5,2,-1,1,-1,-1,-1,-1,-1,0
93,3,3,5,3,4,2,4,-1,-1,-1,-1,0
94,5,4,5,4,3,-1,-1,-1,-1,-1,-1,0
95,4,4,5,4,3,-1,-1,-1,-1,-1,-1,0
96,5,2,4,2,4,2,4,3,3,3,3,0
97,4,4,5,4,2,-1,-1,-1,-1,-1,-1,0
98,3,5,5,5,1,-1,-1,-1,-1,-1,-1,0
99,4,4,5,3,2,2,1,-1,-1,-1,-1,0
100,5,3,3,3,2,1,3,3,3,1,4,0
101,3,5,5,5,-1,-1,-1,-1,-1,-1,-1,0
102,3,4,5,4,1,-1,-1,-1,-1,-1,-1,0
103,1,3,5,3,1,-1,3,-1,-1,-1,-1,0
104,3,3,4,3,5,2,4,2,3,1,1,0
105,4,3,3,3,2,1,2,3,4,1,-1,0
106,4,3,2,2,4,2,5,4,3,3,5,0
107,2,5,5,5,-1,-1,-1,-1,-1,-1,-1,0
108,4,4,5,4,2,1,-1,-1,-1,-1,-1,0
109,2,3,5,3,2,-1,-1,-1,-1,-1,-1,0
110,3,5,5,5,1,-1,-1,-1,-1,-1,-1,0
111,4,3,3,3,3,2,-1,4,4,3,-1,0
112,2,5,5,5,2,-1,-1,-1,-1,-1,-1,0
113,3,3,5,3,4,1,5,-1,-1,-1,-1,0
114,2,5,5,5,-1,-1,-1,-1,-1,-1,-1,0
115,5,3,4,3,3,4,-1,4,3,3,-1,0
116,5,3,5,3,2,3,3,-1,-1,-1,-1,0
117,2,3,5,3,5,1,2,-1,-1,-1,-1,0
118,4,2,2,2,5,4,5,4,4,3,5,0
119,4,3,5,3,2,1,2,-1,-1,-1,-1,0
120,2,3,5,3,2,2,2,-1,-1,-1,-1,0
121,5,3,3,3,2,3,3,3,5,3,2,0
122,5,2,2,2,3,2,5,3,2,2,3,0
123,5,3,4,3,2,1,3,2,3,1,-1,0
124,4,3,3,3,5,3,2,4,4,4,-1,0
125,4,2,2,2,4,2,5,5,3,2,5,0
126,3,3,5,3,3,1,-1,-1,-1,-1,-1,0
127,2,4,5,4,5,-1,-1,-1,-1,-1,-1,0
128,3,2,2,2,2,1,5,-1,-1,1,5,0
129,4,2,4,2,2,2,-1,2,3,2,-1,0
130,3,3,4,3,5,1,3,2,5,1,2,0
131,4,3,5,3,3,1,3,-1,-1,-1,-1,0
132,4,3,5,3,3,1,2,-1,-1,-1,-1,0
133,1,4,5,4,1,-1,-1,-1,-1,-1,-1,0
134,2,3,4,3,2,1,4,3,2,1,-1,0
135,2,2,2,2,5,4,5,4,2,4,4,0
136,2,2,2,2,5,2,5,4,4,2,5,0
137,3,5,2,2,2,2,4,4,4,5,3,0
138,5,3,4,3,2,3,1,3,3,3,-1,0
139,3,3,3,3,5,2,5,-1,-1,2,3,0
140,4,4,5,3,4,1,2,-1,-1,-1,-1,0
141,3,2,2,2,5,3,5,-1,-1,2,4,0
142,2,5,5,5,1,-1,-1,-1,-1,-1,-1,0
143,3,5,5,5,1,-1,-1,-1,-1,-1,-1,0
144,4,5,5,5,1,-1,-1,-1,-1,-1,-1,0
145,3,2,2,2,5,1,5,3,1,1,4,0
146,4,3,3,3,3,-1,-1,3,2,-1,3,0
147,4,3,3,3,1,-1,-1,3,2,-1,3,0
148,4,2,4,2,3,1,3,3,4,1,-1,0
149,3,2,2,2,2,2,-1,3,4,2,-1,0
150,3,2,2,2,3,4,-1,4,3,4,5,0
151,4,4,4,4,2,3,-1,3,2,3,4,0
152,4,3,5,3,2,2,-1,-1,-1,-1,-1,0
153,3,5,5,5,3,-1,-1,-1,-1,-1,-1,0
154,3,3,4,3,3,1,4,2,4,2,-1,0
155,3,4,5,4,1,-1,-1,-1,-1,-1,-1,0
156,1,3,5,3,5,-1,4,-1,-1,-1,-1,0
157,5,5,5,4,1,-1,-1,2,3,2,2,0
158,3,4,5,4,3,-1,1,-1,-1,-1,-1,0
159,3,4,5,4,2,-1,-1,-1,-1,-1,-1,0
160,3,2,5,2,2,4,4,4,3,4,4,0
161,1,2,2,2,4,1,-1,2,2,1,3,0
162,2,3,4,3,3,1,3,2,3,1,2,0
163,4,3,3,3,2,1,3,3,3,1,2,0
164,2,3,3,3,3,2,4,2,4,2,-1,0
165,2,3,3,3,4,2,5,3,3,2,-1,0
166,4,3,3,3,2,1,2,3,3,1,2,0
167,4,2,3,2,5,1,-1,-1,-1,1,-1,0
168,3,3,5,3,3,-1,-1,-1,-1,-1,-1,0
169,1,3,5,3,3,1,1,-1,-1,-1,-1,0
170,4,3,3,3,3,1,4,2,3,1,-1,0
171,2,2,2,2,5,2,4,4,3,1,2,0
172,5,3,5,3,1,2,1,-1,-1,-1,-1,0
173,2,3,5,3,3,-1,-1,-1,-1,-1,-1,0
174,3,2,2,2,5,2,-1,3,1,2,5,0
175,5,4,3,3,2,3,4,2,1,3,-1,0
176,2,4,5,4,3,-1,-1,-1,-1,-1,-1,0
177,5,4,5,3,2,1,-1,-1,-1,-1,-1,0
178,4,4,5,4,-1,-1,-1,-1,-1,-1,-1,0
179,2,3,4,3,2,2,4,2,4,2,2,0
180,3,3,4,3,2,2,2,-1,-1,2,-1,0
181,3,2,2,2,5,5,5,3,2,5,4,0
182,3,3,5,3,2,2,1,-1,-1,-1,-1,0
183,3,3,4,3,4,2,4,-1,-1,-1,-1,0
184,2,4,5,4,3,1,3,-1,-1,-1,-1,0
185,2,3,3,3,1,3,4,3,1,3,3,0
186,4,2,2,2,3,2,-1,3,2,3,3,0
187,2,5,5,5,3,-1,-1,-1,-1,-1,-1,0
188,1,3,5,3,1,1,1,-1,-1,-1,-1,0
189,4,3,5,3,1,1,2,-1,-1,-1,-1,0
190,3,3,5,3,1,-1,-1,-1,-1,-1,-1,0
191,4,3,5,3,2,1,5,-1,-1,-1,-1,0
192,2,4,5,4,2,-1,-1,-1,-1,-1,-1,0
193,3,2,2,2,5,5,5,-1,-1,5,4,0
194,1,3,5,3,3,2,2,-1,-1,-1,-1,0
195,4,2,2,2,5,1,-1,2,3,1,5,0
196,5,3,5,3,3,2,1,-1,-1,-1,-1,0
197,1,3,5,3,2,1,2,-1,-1,-1,-1,0
198,1,4,5,4,4,-1,-1,-1,-1,-1,-1,0
199,3,3,5,3,3,-1,1,-1,-1,-1,-1,0
200,1,5,5,5,2,-1,-1,-1,-1,-1,-1,0
201,3,3,5,3,4,1,1,-1,-1,-1,-1,0
202,2,3,5,3,4,1,2,-1,-1,-1,-1,0
203,2,5,5,5,2,-1,-1,-1,-1,-1,-1,0
204,4,3,3,3,2,2,-1,4,2,3,-1,0
205,4,3,5,3,2,2,5,-1,-1,-1,-1,0
206,4,4,4,4,3,2,1,-1,-1,-1,-1,0
207,5,3,3,3,4,2,5,2,3,2,3,0
208,1,4,5,4,4,-1,2,-1,-1,-1,-1,0
209,3,2,4,2,2,5,-1,-1,-1,-1,-1,0
210,5,3,3,3,2,2,4,3,2,1,2,0
211,3,3,4,3,2,1,-1,3,3,1,-1,0
212,4,2,2,2,5,1,5,3,2,1,4,0
213,2,3,4,3,2,1,4,3,3,1,2,0
214,5,4,5,4,4,-1,-1,-1,-1,-1,-1,0
215,4,2,2,2,3,2,3,2,5,2,3,0
216,2,3,5,3,4,1,2,-1,-1,-1,-1,0
217,2,5,5,5,-1,-1,-1,-1,-1,-1,-1,0
218,2,2,5,2,1,1,-1,-1,-1,1,-1,0
219,2,3,3,3,1,5,3,2,4,5,-1,0
220,2,4,5,4,2,1,2,-1,-1,-1,-1,0
221,4,3,2,2,5,1,4,-1,-1,1,-1,0
222,3,2,2,2,3,5,5,4,1,5,5,0
223,5,2,3,2,1,3,-1,3,3,3,-1,0
224,2,3,3,3,4,1,4,3,5,1,1,0
225,3,3,3,3,3,2,5,2,3,2,2,0
226,5,4,5,4,2,-1,-1,-1,-1,-1,-1,0
227,3,3,5,3,2,-1,-1,-1,-1,-1,-1,0
228,3,5,5,4,2,-1,-1,2,5,2,1,0
229,2,2,2,2,5,3,5,4,3,3,3,0
230,3,5,5,5,-1,-1,-1,-1,-1,-1,-1,0
231,3,3,2,2,5,2,4,4,3,1,2,0
232,3,3,5,3,3,2,4,-1,-1,-1,-1,0
233,2,3,4,3,2,1,3,2,5,1,3,0
234,2,4,4,4,-1,4,-1,2,2,4,-1,0
235,4,3,5,3,4,2,-1,-1,-1,-1,-1,0
236,2,4,5,4,2,-1,-1,-1,-1,-1,-1,0
237,1,2,4,2,3,5,-1,2,3,5,-1,0
238,4,3,3,3,-1,1,-1,4,3,2,-1,0
239,3,4,5,4,1,-1,-1,-1,-1,-1,-1,0
240,1,4,5,4,3,1,1,-1,-1,-1,-1,0
241,5,3,4,3,2,3,1,2,3,3,2,0
242,3,4,5,4,3,-1,-1,-1,-1,-1,-1,0
243,2,4,5,4,2,-1,-1,-1,-1,-1,-1,0
244,2,5,5,4,1,-1,-1,2,5,2,2,0
245,2,3,3,3,2,2,5,3,2,1,4,0
246,2,3,3,3,2,1,4,3,4,2,3,0
247,1,3,5,3,4,-1,-1,-1,-1,-1,-1,0
248,2,5,5,5,1,-1,-1,-1,-1,-1,-1,0
249,4,2,2,2,5,1,5,3,2,1,4,0
250,3,3,5,3,4,2,3,-1,-1,-1,-1,0
251,4,3,4,3,2,1,-1,-1,-1,1,-1,0
252,3,2,2,2,5,2,5,3,2,4,4,0
253,4,2,4,2,2,5,5,4,2,4,3,0
254,3,3,5,3,3,2,3,-1,-1,-1,-1,0
255,3,2,4,2,2,1,-1,2,5,1,-1,0
256,2,2,2,2,2,3,-1,3,2,3,3,0
257,3,4,3,3,2,-1,-1,3,2,-1,-1,0
258,4,3,5,3,2,1,2,-1,-1,-1,-1,0
259,2,5,5,5,-1,-1,-1,-1,-1,-1,-1,0
260,2,3,5,3,3,1,3,-1,-1,-1,-1,0
261,3,3,3,3,4,2,5,3,5,2,3,0
262,4,3,5,3,2,1,2,-1,-1,-1,-1,0
263,3,4,5,4,2,-1,-1,-1,-1,-1,-1,0
264,3,4,5,4,2,-1,-1,-1,-1,-1,-1,0
265,3,4,3,3,2,2,4,3,3,1,-1,0
266,2,3,5,3,3,-1,4,-1,-1,-1,-1,0
267,3,3,3,3,4,1,2,2,5,1,-1,0
268,4,3,3,3,3,4,2,3,2,4,-1,0
269,4,3,3,3,2,1,4,2,3,2,-1,0
270,3,2,2,2,5,3,5,3,3,3,4,0
271,5,2,2,2,5,1,-1,3,1,2,5,0
272,3,3,5,3,3,1,2,-1,-1,-1,-1,0
273,3,3,2,2,3,2,5,3,2,1,4,0
274,2,3,5,3,2,2,2,-1,-1,-1,-1,0
275,3,4,5,3,3,2,1,-1,-1,-1,-1,0
276,3,3,2,2,5,2,-1,4,2,2,-1,0
277,4,4,4,4,2,-1,-1,-1,-1,-1,-1,0
278,1,3,2,2,3,1,5,5,3,1,3,0
279,3,3,5,3,2,-1,-1,-1,-1,-1,-1,0
280,2,3,5,3,2,1,2,-1,-1,-1,-1,0
281,1,3,4,3,2,1,2,2,4,1,4,0
282,2,2,5,2,5,1,4,-1,-1,-1,-1,0
283,4,3,3,2,1,3,-1,3,3,2,-1,0
284,2,2,2,2,2,1,4,3,2,1,4,0
285,5,3,4,3,5,1,2,3,3,1,4,0
286,3,3,3,3,3,3,4,2,4,3,-1,0
287,4,3,5,3,3,3,-1,-1,-1,-1,-1,0
288,3,3,4,3,5,1,2,2,5,1,4,0
289,2,2,2,2,5,4,5,4,4,5,5,0
290,2,3,5,3,3,1,-1,-1,-1,-1,-1,0
291,3,3,3,3,3,2,4,3,3,2,3,0
292,4,2,4,2,3,1,5,3,5,1,3,0
293,5,4,5,4,4,-1,-1,-1,-1,-1,-1,0
294,2,3,3,3,3,1,4,3,5,1,4,0
295,3,2,2,2,3,2,-1,4,5,1,-1,0
296,4,3,3,3,1,2,2,3,3,2,1,0
297,3,2,2,2,5,4,4,5,2,4,5,0
298,4,2,2,2,5,3,5,4,3,2,-1,0
299,2,3,3,3,2,-1,-1,3,3,1,-1,0
300,4,2,2,2,4,1,-1,4,2,1,-1,0
301,1,5,5,5,-1,-1,-1,-1,-1,-1,-1,0
302,2,3,3,3,2,1,1,2,2,1,2,0
303,4,2,2,2,4,1,-1,2,3,1,-1,0
304,4,2,2,2,5,3,3,4,1,3,5,0
305,3,2,2,2,5,1,4,3,2,1,4,0
306,3,2,2,2,2,1,4,-1,-1,1,4,0
307,5,3,3,3,3,-1,-1,-1,-1,-1,-1,0
308,4,2,2,2,2,2,5,2,3,2,-1,0
309,3,3,3,3,3,1,-1,-1,-1,1,-1,0
310,2,4,5,4,2,1,1,-1,-1,-1,-1,0
311,4,4,4,4,1,2,2,-1,-1,2,4,0
312,4,3,3,3,2,1,1,2,4,1,-1,0
313,2,2,3,2,5,1,4,5,5,1,5,0
314,3,2,2,2,5,1,5,3,4,1,-1,0
315,5,3,5,3,3,2,4,-1,-1,-1,-1,0
316,5,3,3,3,1,2,2,3,2,1,-1,0
317,5,3,4,3,2,3,4,4,3,2,3,0
318,3,3,4,3,3,1,4,2,4,1,3,0
319,3,5,5,5,3,-1,-1,-1,-1,-1,-1,0
320,1,5,5,5,2,-1,-1,-1,-1,-1,-1,0
321,1,5,5,4,1,-1,-1,2,5,1,2,0
322,4,3,5,3,3,1,2,-1,-1,-1,-1,0
323,3,2,2,2,5,1,5,2,3,3,3,0
324,2,3,5,3,3,1,3,-1,-1,-1,-1,0
325,3,4,4,4,2,2,-1,-1,-1,-1,-1,0
326,5,3,5,3,5,2,1,-1,-1,-1,-1,0
327,3,3,3,3,5,2,4,2,5,2,5,0
328,3,2,2,2,5,2,5,4,3,1,-1,0
329,3,4,5,4,1,-1,-1,-1,-1,-1,-1,0
330,1,4,2,2,2,1,4,3,1,1,3,0
331,5,2,2,2,5,4,-1,5,2,3,-1,0
332,5,3,3,3,-1,2,3,2,2,2,-1,0
333,3,3,5,3,3,1,2,-1,-1,-1,-1,0
334,4,3,5,3,2,-1,-1,-1,-1,-1,-1,0
335,4,2,2,1,3,1,3,5,2,1,4,1
336,5,2,2,1,3,1,-1,3,4,2,4,1
337,4,2,2,1,4,5,4,-1,-1,5,3,1
338,4,1,1,1,2,-1,-1,-1,-1,-1,-1,1
339,4,2,2,1,2,4,4,1,1,3,4,1
340,5,1,1,1,-1,-1,-1,-1,-1,-1,-1,1
341,4,3,3,1,5,4,3,-1,-1,-1,-1,1
342,5,3,1,1,-1,-1,-1,-1,-1,-1,-1,1
343,4,3,3,1,2,3,2,-1,-1,-1,-1,1
344,4,2,2,1,5,2,-1,5,2,5,5,1
345,3,2,1,1,4,2,5,-1,-1,-1,-1,1
346,3,2,2,1,3,2,5,4,5,2,3,1
347,5,4,2,1,2,3,5,3,2,2,3,1
348,2,2,2,1,4,1,5,-1,-1,1,3,1
349,5,3,3,1,5,2,4,4,4,2,5,1
350,5,3,1,1,3,-1,-1,-1,-1,-1,-1,1
351,5,3,1,1,4,4,4,-1,-1,-1,-1,1
352,5,2,2,1,4,1,4,3,1,2,4,1
353,5,3,1,1,3,-1,-1,-1,-1,-1,-1,1
354,5,3,1,1,2,-1,-1,-1,-1,-1,-1,1
355,3,4,1,1,3,-1,-1,-1,-1,-1,-1,1
356,5,2,1,1,5,-1,-1,-1,-1,-1,-1,1
357,5,2,1,1,4,2,-1,-1,-1,-1,-1,1
358,5,2,1,1,2,4,-1,4,1,4,3,1
359,4,3,3,1,5,4,4,-1,-1,-1,-1,1
360,4,3,1,1,3,-1,-1,-1,-1,-1,-1,1
361,5,2,2,1,1,5,4,-1,-1,5,4,1
362,3,4,5,1,3,-1,1,-1,-1,-1,-1,1
363,4,2,2,1,5,1,4,3,2,1,2,1
364,4,2,2,1,4,3,-1,3,3,3,-1,1
365,4,2,1,1,4,-1,-1,-1,-1,-1,-1,1
366,5,2,2,1,3,2,4,3,2,1,4,1
367,5,3,4,1,5,1,4,-1,-1,-1,-1,1
368,5,3,1,1,2,-1,-1,-1,-1,-1,-1,1
369,4,2,2,1,3,3,-1,3,3,3,-1,1
370,5,2,1,1,-1,1,-1,-1,-1,-1,-1,1
371,5,3,3,1,1,1,2,4,1,1,3,1
372,4,4,3,1,3,1,4,3,1,1,-1,1
373,5,3,1,1,2,-1,-1,-1,-1,-1,-1,1
374,4,1,1,1,5,-1,-1,-1,-1,-1,-1,1
375,5,3,1,1,2,3,5,-1,-1,-1,-1,1
376,5,2,1,1,5,-1,-1,-1,-1,-1,-1,1
377,3,2,1,1,2,5,-1,4,5,5,-1,1
378,5,3,1,1,2,3,-1,4,1,4,2,1
379,3,2,2,1,5,3,5,3,3,3,4,1
380,4,3,2,1,3,2,5,3,2,3,5,1
381,4,2,2,1,4,3,4,3,3,1,2,1
382,5,3,1,1,2,-1,-1,-1,-1,-1,-1,1
383,5,2,1,1,5,1,4,-1,-1,-1,-1,1
